"Início dos relatórios","Encerramento dos relatórios","Nome da campanha","Veiculação da campanha","Orçamento do conjunto de anúncios","Tipo de orçamento do conjunto de anúncios",Alcance,Impressões,Resultados,"Indicador de resultados","Custo por resultados","Valor usado (BRL)","Valor de conversão da compra no site","Adições ao carrinho","Finalizações de compra iniciadas","Inclusões de informações de pagamento","ROAS (retorno sobre o investimento em publicidade) das compras","Cliques no link","Visualizações da página de destino do site",HOOKRATE,"CPC (custo por clique no link) (BRL)","CTR (taxa de cliques no link)","CTR de saída único","CPM (custo por 1.000 impressões) (BRL)","Custo por visualização da página de destino (BRL)","Custo por finalização de compra iniciada (BRL)","Custo por adição ao carrinho (BRL)","Salvamentos do post",Frequência
2023-03-27,2026-04-27,"[REMARKETING] - 6962382569638",inactive,"Usando o orçamento do conjunto de anúncios",0,557,619,,,,14.89,,,,,,7,6,0,2.127143,1.130856,1.256733,24.054927,2.481667,,,,1.111311
2023-03-27,2026-04-27,"[TRAFEGO] [SITE] [VID] - 6962382569638",inactive,"Usando o orçamento do conjunto de anúncios",0,4066,5403,150,actions:omni_landing_page_view,0.42413333,63.62,,,,,,203,150,0.13307422,0.313399,3.757172,4.426955,11.77494,0.424133,,,1,1.328824
2023-03-27,2026-04-27,"[SEAMLESS] [MOFU] [TEST-NEWPUBLICS] - 6962382569638",inactive,"Usando o orçamento do conjunto de anúncios",0,560,595,,,,16.38,,2,2,,,14,14,0.40504202,1.17,2.352941,2.5,27.529412,1.17,8.19,8.19,3,1.0625
2023-03-27,2026-04-27,[ABO][ECO-HEALTHY][SEAMLESS],inactive,"Usando o orçamento do conjunto de anúncios",0,30394,44940,34,actions:offsite_conversion.fb_pixel_purchase,36.31558824,1234.73,6133.88,242,54,47,4.967791,626,701,0.30500668,1.972412,1.392968,1.88195,27.475078,1.761384,22.86537,5.10219,58,1.478581
2023-03-27,2026-04-27,[SEAMLESSBOJO][ABO][TEST],inactive,"Usando o orçamento do conjunto de anúncios",0,8046,10300,8,actions:offsite_conversion.fb_pixel_purchase,27.91125,223.29,1478.2,56,9,7,6.62009,167,164,0.25883495,1.337066,1.621359,1.938852,21.678641,1.361524,24.81,3.987321,9,1.280139
2023-03-27,2026-04-27,[BOLSASOFIA][ABO][TESTCTV],inactive,"Usando o orçamento do conjunto de anúncios",0,4340,5818,1,actions:offsite_conversion.fb_pixel_purchase,122.18,122.18,319.8,5,1,1,2.61745,134,125,0.0280165,0.911791,2.303197,2.695853,21.000344,0.97744,122.18,24.436,6,1.340553
2023-03-27,2026-04-27,[KITBLUSH][ABO][TESTCTV],inactive,"Usando o orçamento do conjunto de anúncios",0,2060,2383,,,,52.93,,3,,,,37,35,0.08308854,1.430541,1.552665,1.553398,22.211498,1.512286,,17.643333,2,1.156796
2023-03-27,2026-04-27,[BOTASNOW][ABO][TESTCTV],inactive,"Usando o orçamento do conjunto de anúncios",0,3225,3390,,,,47.17,,4,,,,25,23,0.04159292,1.8868,0.737463,0.744186,13.914454,2.05087,,11.7925,2,1.051163
2023-03-27,2026-04-27,[SEAMLESS][ABO][TESTCTV],inactive,"Usando o orçamento do conjunto de anúncios",0,9518,13233,5,actions:offsite_conversion.fb_pixel_purchase,42.518,212.59,719.1,29,10,4,3.382567,151,142,0.08622383,1.407881,1.141087,1.418365,16.06514,1.497113,21.259,7.33069,4,1.390313
2023-03-27,2026-04-27,[FLAWLESS][ABO][TESTCTV],inactive,"Usando o orçamento do conjunto de anúncios",0,3578,4039,,,,78.54,,7,,,,79,68,0.47313692,0.994177,1.95593,2.096143,19.445407,1.155,,11.22,3,1.128843
2023-03-27,2026-04-27,[FLAWLESS][ABO][TESTPB],inactive,"Usando o orçamento do conjunto de anúncios",0,1852,1987,,,,32.31,,2,1,,,23,21,0.50679416,1.404783,1.157524,1.241901,16.260695,1.538571,32.31,16.155,3,1.072894
2023-03-27,2026-04-27,[BOTASNOW][ABO][TESTPB],inactive,"Usando o orçamento do conjunto de anúncios",0,1953,2116,,,,28.11,,1,,,,32,29,0.02599244,0.878438,1.512287,1.331285,13.284499,0.96931,,28.11,2,1.083461
2023-03-27,2026-04-27,[FRENCHIE][ABO][TESTPB],inactive,"Usando o orçamento do conjunto de anúncios",0,213,217,,,,3.72,,,,,,,,0,,,,17.142857,,,,,1.018779
2023-03-27,2026-04-27,[MEIACALÇA][ABO][TESTFLASH],inactive,"Usando o orçamento do conjunto de anúncios",0,340,345,,,,15.02,,1,,,,7,6,0.30724638,2.145714,2.028986,2.058824,43.536232,2.503333,,15.02,,1.014706
2023-03-27,2026-04-27,[SEAMLESSBOJO][ABO][TESTCTV],inactive,"Usando o orçamento do conjunto de anúncios",0,5876,6794,1,actions:offsite_conversion.fb_pixel_purchase,75.14,75.14,129.9,16,3,2,1.728773,98,79,0.11804533,0.766735,1.442449,1.548673,11.059759,0.951139,25.046667,4.69625,1,1.156229
2023-03-27,2026-04-27,[ANELGATO],inactive,80,Diário,983,1054,,,,16.59,,,,,,15,10,0,1.106,1.42315,1.525941,15.740038,1.659,,,,1.072228
2023-03-27,2026-04-27,[ANELGATO][TESTPB][CBO],inactive,80,Diário,1897,2035,,,,17.06,,1,,,,27,25,0,0.631852,1.326781,1.4233,8.383292,0.6824,,17.06,3,1.072746
2023-03-27,2026-04-27,[MAKE360][TESTCTV][ABO],inactive,"Usando o orçamento do conjunto de anúncios",0,3078,3403,,,,121.56,,6,,,,61,59,0.2145166,1.992787,1.792536,1.851852,35.721422,2.060339,,20.26,5,1.105588
2023-03-27,2026-04-27,[SEAMLESSBOJO][CBO][TESTPB],inactive,80,Diário,7103,8046,4,actions:offsite_conversion.fb_pixel_purchase,40.3325,161.33,475.53,39,9,3,2.947561,138,130,0.24757644,1.169058,1.715138,1.802055,20.050957,1.241,17.925556,4.136667,16,1.132761
2023-03-27,2026-04-27,[BORBOLETA][TESTCTV][ABO],inactive,"Usando o orçamento do conjunto de anúncios",0,1337,1451,,,,33.98,,,,,,11,9,0.04617505,3.089091,0.758098,0.822737,23.418332,3.775556,,,2,1.085266
2023-03-27,2026-04-27,[SEAMLESS][ABO][ESCALA],inactive,"Usando o orçamento do conjunto de anúncios",0,1586,1630,,,,31.61,,,,,,41,38,0.32269939,0.770976,2.515337,2.522068,19.392638,0.831842,,,3,1.027743
2023-03-27,2026-04-27,[SUNLITPEAK][ENGAJAMENTO][LIKES],archived,"Usando o orçamento do conjunto de anúncios",0,469,555,40,actions:post_engagement,0.23775,9.51,,,,,,3,,0,3.17,0.540541,,17.135135,,,,,1.183369
2023-03-27,2026-04-27,"[SEAMLESS][OLDPBS][ABO] - 6962382569638",inactive,"Usando o orçamento do conjunto de anúncios",0,195106,330184,109,actions:offsite_conversion.fb_pixel_purchase,39.3046789,4284.21,16289.36,828,230,81,3.802185,3223,3040,0.35535338,1.329262,0.976122,1.376175,12.97522,1.40928,18.627,5.174167,335,1.692331
2023-03-27,2026-04-27,[REMARKETING2],inactive,"Usando o orçamento do conjunto de anúncios",0,57063,231967,198,actions:offsite_conversion.fb_pixel_purchase,29.93611111,5927.35,32361.68,1137,328,287,5.459721,3318,3262,0.00028452,1.786423,1.430376,4.516061,25.552557,1.817091,18.071189,5.213149,361,4.065103
2023-03-27,2026-04-27,[CBO][SEAMLESS][ESCALA],inactive,50,Diário,7289,7342,1,actions:offsite_conversion.fb_pixel_purchase,74.9,74.9,135.83,11,4,1,1.813485,74,72,0.46867339,1.012162,1.0079,1.015228,10.20158,1.040278,18.725,6.809091,15,1.007271
2023-03-27,2026-04-27,[CBO][SEAMLESS][ESCALA][IPHONE],inactive,50,Diário,693,718,,,,13,,1,,,,8,8,0.57660167,1.625,1.114206,1.154401,18.10585,1.625,,13,,1.036075
2023-03-27,2026-04-27,"[CBO][ESCALA][TTK4] - 6962382569638",inactive,100,Diário,1615,1623,,,,29.2,,,,,,14,11,0.22489217,2.085714,0.8626,0.866873,17.991374,2.654545,,,,1.004954
2023-03-27,2026-04-27,"[CBO][ESCALA][HEALTHY-INSTA] - 6962382569638",inactive,100,Diário,1632,1657,,,,27.18,,1,,,,18,18,0.42969221,1.51,1.086301,1.102941,16.403138,1.51,,27.18,3,1.015319
2023-03-27,2026-04-27,"[PINKEASE][CBO][TEST-CTV-JEFF] - 6962382569638",inactive,100,Diário,1093,1119,,,,27.08,,,,,,4,3,0.2743521,6.77,0.357462,0.365965,24.200179,9.026667,,,,1.023788
2023-03-27,2026-04-27,"[PINKEASE][ABO][TEST-CTV-WHATS] - 6962382569638",inactive,"Usando o orçamento do conjunto de anúncios",0,276,276,9,actions:link_click,0.24888889,2.24,,,,,,9,,0.29347826,0.248889,3.26087,,8.115942,,,,,1
2023-03-27,2026-04-27,"[PINKEASE][ABO][TEST-CTV] - 6962382569638",inactive,"Usando o orçamento do conjunto de anúncios",0,615,647,,,,15.91,,,,,,2,1,0.20556414,7.955,0.309119,0.325203,24.590417,15.91,,,,1.052033
2023-03-27,2026-04-27,"[COTT][THEFLASH][ABO] - 6962382569638",inactive,"Usando o orçamento do conjunto de anúncios",0,341,404,,,,15.1,,,,,,6,5,0.2450495,2.516667,1.485149,1.759531,37.376238,3.02,,,,1.184751
2023-03-27,2026-04-27,"[MODELER][THEFLASH][ABO] - 6962382569638",inactive,"Usando o orçamento do conjunto de anúncios",0,1316,1451,1,actions:offsite_conversion.fb_pixel_purchase,34.67,34.67,265.73,7,2,,7.664551,13,13,0.417643,2.666923,0.895934,0.987842,23.893866,2.666923,17.335,4.952857,,1.102584
2023-03-27,2026-04-27,"[SIMPLE][THEFLASH][ABO] - 6962382569638",inactive,"Usando o orçamento do conjunto de anúncios",0,1434,1842,,,,72.05,,2,,,,22,21,0.18458198,3.275,1.194354,1.3947,39.115092,3.430952,,36.025,1,1.284519
2023-03-27,2026-04-27,"[MODELER][CBO133] - 6962382569638",inactive,60,Diário,789,878,,,,24.95,,,,,,2,4,0.41343964,12.475,0.22779,0.253485,28.416856,6.2375,,,,1.112801
2023-03-27,2026-04-27,"[MAKE360][CBO133] - 6962382569638",inactive,60,Diário,1307,1498,,,,40.28,,,,,,14,15,0.14485981,2.877143,0.934579,1.071155,26.889186,2.685333,,,2,1.146136
2023-03-27,2026-04-27,"[CBO][ESCALA][SEAMLESS][5PB] - 6962382569638",inactive,300,Diário,204371,297113,85,actions:offsite_conversion.fb_pixel_purchase,43.48258824,3696.02,13007.83,575,173,132,3.519415,2206,2264,0.32026199,1.67544,0.742478,1.000142,12.439779,1.632518,21.364277,6.427861,342,1.453792
2023-03-27,2026-04-27,"[ESTOJO][CBO133] - 6962382569638",inactive,30,Diário,819,889,,,,20,,,,,,17,17,0.17435321,1.176471,1.912261,2.075702,22.497188,1.176471,,,,1.08547
2023-03-27,2026-04-27,"[SEAMLESS][ABO][LALPC] - 6962382569638",inactive,"Usando o orçamento do conjunto de anúncios",0,7374,9189,3,actions:offsite_conversion.fb_pixel_purchase,63.86333333,191.59,399.08,26,8,4,2.08299,117,110,0.2479051,1.637521,1.273262,1.559534,20.849929,1.741727,23.94875,7.368846,3,1.246135
2023-03-27,2026-04-27,"[CBO][ESCALA][SEAMLESS][5PB][ESTADOS] - 6962382569638",inactive,100,Diário,1982,1982,,,,32.01,,,,,,11,10,0.29717457,2.91,0.554995,0.554995,16.150353,3.201,,,3,1
2023-03-27,2026-04-27,"[SEAMLESS][CBO][LALPC][TTK4] - 6962382569638",inactive,100,Diário,864,934,,,,36.35,,1,1,2,,9,7,0.22269807,4.038889,0.963597,1.041667,38.91863,5.192857,36.35,36.35,1,1.081019
2023-03-27,2026-04-27,"[CBO][SEAMLESS][129][HEALTHY] - 6962382569638",inactive,100,Diário,18389,21941,9,actions:offsite_conversion.fb_pixel_purchase,41.73555556,375.62,1112.04,31,18,13,2.960545,254,254,0.22391869,1.478819,1.15765,1.337756,17.119548,1.478819,20.867778,12.116774,16,1.193159
2023-03-27,2026-04-27,"[ABO][ESCALA][SEAMLESS][HEALTH] - 6962382569638",inactive,"Usando o orçamento do conjunto de anúncios",0,11500,12953,10,actions:offsite_conversion.fb_pixel_purchase,40.439,404.39,986.57,57,15,10,2.43965,209,225,0.38693739,1.93488,1.613526,1.747826,31.219795,1.797289,26.959333,7.094561,39,1.126348
2023-03-27,2026-04-27,"[ABO][ESCALA][SEAMLESS][ECO] - 6962382569638",inactive,"Usando o orçamento do conjunto de anúncios",0,8304,9597,6,actions:offsite_conversion.fb_pixel_purchase,51.22666667,307.36,636.16,15,8,5,2.069755,129,128,0.37167865,2.382636,1.34417,1.529383,32.026675,2.40125,38.42,20.490667,26,1.155708
2023-03-27,2026-04-27,"[CBO][SEAMLESS][ESCALA][151][HEALTH] - 6962382569638",inactive,100,Diário,4025,4087,,,,103.13,,6,,,,52,48,0.36138977,1.983269,1.272327,1.291925,25.233668,2.148542,,17.188333,6,1.015404
2023-03-27,2026-04-27,[CBO][SEAMLESS][ESCALA][ECOTURISMO],inactive,150,Diário,173589,276352,111,actions:offsite_conversion.fb_pixel_purchase,37.63585586,4177.58,17248.59,786,208,170,4.128847,2771,2965,0.36905468,1.507607,1.002707,1.454585,15.11688,1.408965,20.084519,5.314987,297,1.59199
2023-03-27,2026-04-27,"[ABO][ESTOJO][TESTPB] - 6962382569638",inactive,"Usando o orçamento do conjunto de anúncios",0,263,270,,,,6.18,,,,,,5,5,0.44444444,1.236,1.851852,1.901141,22.888889,1.236,,,1,1.026616
2023-03-27,2026-04-27,[CBO][SEAMLESS][ABERTO],inactive,100,Diário,824491,2143200,1019,actions:offsite_conversion.fb_pixel_purchase,34.19324828,34842.92,145820.5,7946,1832,1518,4.185083,30984,30773,0.32308557,1.124546,1.445689,3.152127,16.257428,1.132256,19.019061,4.384964,3010,2.599422
2023-03-27,2026-04-27,[CBO][ESCALA][SEAMLESS][INSTA][HEALTHY],inactive,120,Diário,41081,47480,19,actions:offsite_conversion.fb_pixel_purchase,42.31947368,804.07,3094.85,121,29,26,3.848981,488,476,0.41796546,1.647684,1.027801,1.146515,16.93492,1.689223,27.726552,6.645207,77,1.155765
2023-03-27,2026-04-27,[CBO][FRENCHIE][DINAMICO][TESTCTV],inactive,100,Diário,1322,1385,1,actions:offsite_conversion.fb_pixel_purchase,28.2,28.2,79.9,4,3,1,2.833333,18,17,0.04043321,1.566667,1.299639,1.361573,20.361011,1.658824,9.4,7.05,1,1.047655
2023-03-27,2026-04-27,[CBO][ESCALA][SEAMLESS][DNMC][INSTA][MOBILE],inactive,300,Diário,12050,13002,9,actions:offsite_conversion.fb_pixel_purchase,43.33777778,390.04,1244.61,76,15,11,3.19098,239,228,0.31933549,1.631967,1.838179,1.86722,29.998462,1.710702,26.002667,5.132105,31,1.079004
2023-03-27,2026-04-27,[CBO][SEAMLESS][ESCALA][ECO],inactive,75,Diário,3428,3474,2,actions:offsite_conversion.fb_pixel_purchase,39.1,78.2,209.8,10,4,2,2.682864,36,33,0.23200921,2.172222,1.036269,0.991832,22.510075,2.369697,19.55,7.82,6,1.013419
2023-03-27,2026-04-27,[CBO][SEAMLESS][ESCALA][LALVVW1%],inactive,75,Diário,2467,2540,1,actions:offsite_conversion.fb_pixel_purchase,75.11,75.11,135.83,13,2,2,1.808414,44,40,0.27362205,1.707045,1.732283,1.702473,29.570866,1.87775,37.555,5.777692,5,1.029591
2023-03-27,2026-04-27,[CBO][SEAMLESS][ESCALA][LALPC1%],inactive,75,Diário,2408,2439,1,actions:offsite_conversion.fb_pixel_purchase,78.68,78.68,142.63,23,4,2,1.812786,40,35,0.26404264,1.967,1.640016,1.495017,32.259123,2.248,19.67,3.42087,3,1.012874
2023-03-27,2026-04-27,[CBO][SEAMLESS][ESCALA][ABERTO],inactive,75,Diário,2484,2643,1,actions:offsite_conversion.fb_pixel_purchase,77.14,77.14,79.9,4,2,1,1.035779,44,41,0.26295876,1.753182,1.664775,1.771337,29.18653,1.881463,38.57,19.285,2,1.06401
2023-03-27,2026-04-27,[CBO][TROPICANA][TESTCTV][DNMC]1,inactive,130,Diário,20996,27809,15,actions:offsite_conversion.fb_pixel_purchase,40.41266667,606.19,2630.34,93,28,23,4.339135,330,321,0.12823187,1.836939,1.186666,1.462183,21.798339,1.888442,21.649643,6.518172,47,1.32449
2023-03-27,2026-04-27,[CBO][TROPICANA][TESTCTV][DNMC]3,inactive,200,Diário,269068,601886,344,actions:offsite_conversion.fb_pixel_purchase,33.50322674,11525.11,52598.73,1908,557,533,4.563838,6056,5865,0.13099823,1.90309,1.006171,1.955268,19.148327,1.965066,20.6914,6.040414,355,2.236929
2023-03-27,2026-04-27,[CBO][TROPICANA][TESTCTV][DNMC]2,inactive,50,Diário,3996,4348,3,actions:offsite_conversion.fb_pixel_purchase,33.81666667,101.45,349.5,8,5,5,3.445047,74,78,0.16697332,1.370946,1.701932,1.751752,23.332567,1.300641,20.29,12.68125,5,1.088088
2023-03-27,2026-04-27,[CBO][TROPICANA][ESCALA][ABERTO],inactive,100,Diário,834,945,,,,46.22,,,,,,22,20,0.25396825,2.100909,2.328042,2.63789,48.910053,2.311,,,,1.133094
2023-03-27,2026-04-27,[CBO][TROPICANA][ESCALA][ECO],inactive,100,Diário,5182,5422,2,actions:offsite_conversion.fb_pixel_purchase,47.145,94.29,268.26,4,2,2,2.845053,49,42,0.28476577,1.924286,0.903726,0.945581,17.390262,2.245,47.145,23.5725,2,1.046314
2023-03-27,2026-04-27,[CBO][TROPICANA][ESCALA][ABERTO],inactive,150,Diário,11435,12734,2,actions:offsite_conversion.fb_pixel_purchase,110.795,221.59,296.01,35,6,5,1.335845,94,85,0.1356997,2.35734,0.738181,0.787057,17.401445,2.606941,36.931667,6.331143,12,1.113599
2023-03-27,2026-04-27,[CBO111][TROPICANA][ESCALA][ABERTO],inactive,150,Diário,1850,1867,,,,37.64,,,,,,14,13,0.13283342,2.688571,0.749866,0.702703,20.160686,2.895385,,,1,1.009189
2023-03-27,2026-04-27,[CBO151][TROPICANA][ESCALA][ABERTO],inactive,150,Diário,2147,2162,,,,38.24,,,,,,17,16,0.13135985,2.249412,0.786309,0.791803,17.687327,2.39,,,1,1.006986
2023-03-27,2026-04-27,"[CBO][TROPICANA][TESTCTV][DNMC]3 — 2",inactive,200,Diário,10528,13671,9,actions:offsite_conversion.fb_pixel_purchase,36.83555556,331.52,1034,36,14,14,3.118967,196,187,0.13393314,1.691429,1.433692,1.757219,24.249872,1.772834,23.68,9.208889,10,1.298537
2023-03-27,2026-04-27,"[CBO][SEAMLESS][ABERTO] — 2",inactive,150,Diário,2703,2747,1,actions:offsite_conversion.fb_pixel_purchase,72.01,72.01,132.43,18,3,1,1.83905,65,68,0.39716054,1.107846,2.366218,2.330744,26.214052,1.058971,24.003333,4.000556,6,1.016278
2023-03-27,2026-04-27,[CBO][TROPICANA][TP1],inactive,100,Diário,14318,15152,4,actions:offsite_conversion.fb_pixel_purchase,50.685,202.74,624.21,37,8,6,3.078869,105,121,0.12836589,1.930857,0.692978,0.698422,13.380412,1.675537,25.3425,5.479459,4,1.058248
2023-03-27,2026-04-27,[CBO][TROPICANA][TP2],inactive,75,Diário,3324,3473,1,actions:offsite_conversion.fb_pixel_purchase,44.7,44.7,144.8,1,1,1,3.239374,22,18,0.12957098,2.031818,0.633458,0.661853,12.870717,2.483333,44.7,44.7,3,1.044826
2023-03-27,2026-04-27,[CBO][TROPICANA][TP3],inactive,100,Diário,15574,17485,5,actions:offsite_conversion.fb_pixel_purchase,54.212,271.06,1615.82,26,8,9,5.961116,143,137,0.12433514,1.895524,0.817844,0.898934,15.502431,1.97854,33.8825,10.425385,8,1.122705
2023-03-27,2026-04-27,[CBO][TROPICANA][TP129-1],inactive,75,Diário,2060,2086,,,,45.39,,3,1,,,20,16,0.17353787,2.2695,0.958773,0.970874,21.759348,2.836875,45.39,15.13,4,1.012621
2023-03-27,2026-04-27,[CBO][TROPICANA][TP129-3],inactive,75,Diário,3739,3942,,,,77.65,,4,1,,,40,39,0.18214105,1.94125,1.014713,0.962824,19.698123,1.991026,77.65,19.4125,,1.054293
2023-03-27,2026-04-27,[CBO][TROPICANA][TP129-2],inactive,75,Diário,2884,3143,,,,59.99,,2,,,,26,39,0.16799236,2.307308,0.827235,0.901526,19.08686,1.538205,,29.995,1,1.089806
2023-03-27,2026-04-27,[CBO][TROPICANA][ABERTO],inactive,100,Diário,5598,6015,1,actions:offsite_conversion.fb_pixel_purchase,160.54,160.54,134.9,27,4,3,0.840289,57,53,0.1514547,2.816491,0.947631,1.000357,26.689942,3.029057,40.135,5.945926,1,1.074491
2023-03-27,2026-04-27,[CBO][TROPICANA][ABERTO]2,inactive,200,Diário,24707,30673,17,actions:offsite_conversion.fb_pixel_purchase,43.73764706,743.54,2627.41,119,39,28,3.53365,364,414,0.15101229,2.042692,1.186711,1.323512,24.240863,1.79599,19.065128,6.248235,13,1.24147
2023-03-27,2026-04-27,[ABO][TROPICANA][ABERTO],inactive,"Usando o orçamento do conjunto de anúncios",0,2871,3221,1,actions:offsite_conversion.fb_pixel_purchase,96,96,165.58,21,3,1,1.724792,69,64,0.32132878,1.391304,2.142192,2.26402,29.804409,1.5,32,4.571429,5,1.121909
2023-03-27,2026-04-27,[CBO][TROPICANA][ABERTO3554]V1,inactive,150,Diário,7443,8062,2,actions:offsite_conversion.fb_pixel_purchase,100.41,200.82,589.99,38,4,5,2.937905,88,84,0.14586951,2.282045,1.091541,1.168884,24.909452,2.390714,50.205,5.284737,6,1.083165
2023-03-27,2026-04-27,[CBO][TROPICANA][ABERTO3554][V2],inactive,250,Diário,46438,102111,94,actions:offsite_conversion.fb_pixel_purchase,34.05531915,3201.2,13512.71,530,149,148,4.221139,1755,1741,0.29159444,1.824046,1.718718,3.277488,31.350197,1.838713,21.484564,6.04,130,2.198867
2023-03-27,2026-04-27,[ABO][CTLG][ABERTO25-54],inactive,"Usando o orçamento do conjunto de anúncios",0,2335,3336,1,actions:offsite_conversion.fb_pixel_purchase,98.26,98.26,157.08,12,5,2,1.598616,71,61,0,1.383944,2.128297,1.498929,29.454436,1.61082,19.652,8.188333,4,1.428694
2023-03-27,2026-04-27,[ABO][TROPICANA][TESTPBS],inactive,"Usando o orçamento do conjunto de anúncios",0,10543,16216,16,actions:offsite_conversion.fb_pixel_purchase,44.14625,706.34,2710.05,96,28,30,3.83675,257,245,0.28650715,2.748405,1.584854,2.238452,43.558214,2.88302,25.226429,7.357708,16,1.538082
2023-03-27,2026-04-27,[CBO][COLLECTIONS][BF][FEED],inactive,300,Diário,14581,31615,41,actions:offsite_conversion.fb_pixel_purchase,34.71292683,1423.23,7227.9,277,71,61,5.078519,628,603,0,2.26629,1.986399,3.655442,45.017555,2.360249,20.045493,5.138014,11,2.168233
2023-03-27,2026-04-27,[CBO][COLLECTIONS][BF][STORY],inactive,50,Diário,1225,1752,2,actions:offsite_conversion.fb_pixel_purchase,39.09,78.18,439.6,23,4,5,5.622921,39,36,0,2.004615,2.226027,2.938776,44.623288,2.171667,19.545,3.39913,,1.430204
2023-03-27,2026-04-27,[CBO][COLLECTIONS][BF12345][FEED],inactive,300,Diário,1646,1939,1,actions:offsite_conversion.fb_pixel_purchase,157.13,157.13,135.84,18,2,3,0.864507,47,43,0,3.343191,2.42393,2.673147,81.036617,3.654186,78.565,8.729444,6,1.178007
2023-03-27,2026-04-27,[CBO][TROPICANA][ABERTO][V2],inactive,100,Diário,1054,1148,,,,58.41,,2,,,,18,14,0.29878049,3.245,1.567944,1.612903,50.879791,4.172143,,29.205,2,1.089184
2023-03-27,2026-04-27,[CBO][TROPICANA][DNMC],inactive,120,Diário,7289,11540,8,actions:offsite_conversion.fb_pixel_purchase,53.8675,430.94,1620.82,96,32,15,3.761127,206,199,0.14705373,2.091942,1.785095,2.55179,37.343154,2.165528,13.466875,4.488958,4,1.583208
2023-03-27,2026-04-27,[ADV+][TEST][13CTV],inactive,"Usando o orçamento do conjunto de anúncios",0,410687,958895,656,actions:offsite_conversion.fb_pixel_purchase,30.6351372,20096.65,92991.22,5022,1191,964,4.6272,16773,16865,0.31931859,1.198155,1.749201,3.144974,20.958134,1.191619,16.873762,4.001722,1266,2.334856
2023-03-27,2026-04-27,[ADV+][TEST][4CTV],inactive,"Usando o orçamento do conjunto de anúncios",0,10171,11365,6,actions:offsite_conversion.fb_pixel_purchase,52.23333333,313.4,810.34,67,17,8,2.585641,221,224,0.30778707,1.4181,1.944567,2.054862,27.575891,1.399107,18.435294,4.677612,20,1.117393
2023-03-27,2026-04-27,[ADV+][VERAO][14CTV],inactive,"Usando o orçamento do conjunto de anúncios",0,5978,8527,8,actions:offsite_conversion.fb_pixel_purchase,42.04875,336.39,1167.08,64,14,10,3.469425,239,230,0.00211094,1.40749,2.802862,3.596521,39.449982,1.462565,24.027857,5.256094,6,1.426397
2023-03-27,2026-04-27,[ADV+][NEWCTV][28-12],inactive,"Usando o orçamento do conjunto de anúncios",0,111136,296630,189,actions:offsite_conversion.fb_pixel_purchase,29.92010582,5654.9,28319.31,1375,353,291,5.007924,5446,5310,0.21422311,1.038358,1.835957,3.966312,19.063817,1.064953,16.019547,4.112655,180,2.669072
2023-03-27,2026-04-27,"[ADV+][CTV129,90][17-01]",inactive,"Usando o orçamento do conjunto de anúncios",0,11661,19726,13,actions:offsite_conversion.fb_pixel_purchase,34.99692308,454.96,1919.73,66,24,17,4.219558,315,305,0.23248505,1.444317,1.596877,2.426893,23.063976,1.491672,18.956667,6.893333,15,1.691622
2023-03-27,2026-04-27,[CBO][BEST3][153],inactive,100,Diário,13631,21401,13,actions:offsite_conversion.fb_pixel_purchase,40.02076923,520.27,2033.88,75,21,17,3.909278,433,348,0,1.201547,2.02327,1.467244,24.310546,1.495029,24.774762,6.936933,19,1.570024
2023-03-27,2026-04-27,[ADV+][THEBEST][9CTV],inactive,"Usando o orçamento do conjunto de anúncios",0,28693,43966,38,actions:offsite_conversion.fb_pixel_purchase,30.84289474,1172.03,4771.76,220,61,57,4.071363,858,836,0.30528135,1.366002,1.951508,2.572056,26.657645,1.40195,19.213607,5.327409,43,1.53229
2023-03-27,2026-04-27,[CBO][TROPICANA][1-3-V3],inactive,200,Diário,46185,96975,94,actions:offsite_conversion.fb_pixel_purchase,34.75202128,3266.69,14009.72,569,162,139,4.288659,1633,1700,0.32030936,2.000423,1.683939,2.95767,33.685898,1.921582,20.164753,5.741107,84,2.099708
2023-03-27,2026-04-27,[CBO][SEAMLESS][2-3-V2],inactive,200,Diário,26732,31587,24,actions:offsite_conversion.fb_pixel_purchase,24.68833333,592.52,3548.4,173,37,35,5.988659,562,524,0.32329756,1.054306,1.779213,1.967679,18.75835,1.130763,16.014054,3.424971,42,1.181618
2023-03-27,2026-04-27,[ADV+][THEBEST][5CTV],inactive,"Usando o orçamento do conjunto de anúncios",0,766,838,,,,30.05,,2,,,,11,10,0.25298329,2.731818,1.312649,1.436031,35.859189,3.005,,15.025,5,1.093995
2023-03-27,2026-04-27,[CBO][TROPICANA][ABERTO],inactive,100,Diário,1742,1855,,,,71.36,,6,1,1,,39,67,0.35687332,1.829744,2.102426,2.238806,38.469003,1.065075,71.36,11.893333,3,1.064868
2023-03-27,2026-04-27,[CBO][TROPICANA][DNMC][VID],inactive,60,Diário,3054,3652,,,,102.58,,11,4,2,,40,55,0.2075575,2.5645,1.09529,1.211526,28.088719,1.865091,25.645,9.325455,1,1.195809
2023-03-27,2026-04-27,[CBO][TROPICANA][DNMC][IMG],inactive,50,Diário,1756,2284,,,,52.27,,1,,,,29,37,0,1.802414,1.269702,1.252847,22.885289,1.412703,,52.27,3,1.300683
2023-03-27,2026-04-27,[ADV+][23-02][BESTCTV],inactive,"Usando o orçamento do conjunto de anúncios",0,212167,400796,238,actions:offsite_conversion.fb_pixel_purchase,33.38063025,7944.59,35385.49,1863,426,365,4.454036,5700,5904,0.33877334,1.393788,1.42217,2.221835,19.822029,1.345628,18.649272,4.264407,514,1.889059
2023-03-27,2026-04-27,[CBO][DNMC][TROPICANA],inactive,150,Diário,1145,1175,,,,42.78,,5,1,,,21,19,0.28851064,2.037143,1.787234,1.746725,36.408511,2.251579,42.78,8.556,1,1.026201
2023-03-27,2026-04-27,[CBO][DNMC][SEAMLESS],inactive,200,Diário,78929,110102,78,actions:offsite_conversion.fb_pixel_purchase,31.75820513,2477.14,11228.43,502,108,108,4.53282,1475,1500,0.23330185,1.679417,1.339667,1.709131,22.498592,1.651427,22.936481,4.934542,80,1.39495
2023-03-27,2026-04-27,[CBO][SEAM-NAR1],inactive,50,Diário,3834,4085,3,actions:offsite_conversion.fb_pixel_purchase,32.96,98.88,543.32,34,6,5,5.494741,80,76,0.25826193,1.236,1.958384,1.982264,24.20563,1.301053,16.48,2.908235,3,1.065467
2023-03-27,2026-04-27,[CBO][SEAM-ESC2],inactive,50,Diário,1011,1062,,,,37.78,,3,2,,,18,16,0.29001883,2.098889,1.694915,1.780415,35.574388,2.36125,18.89,12.593333,3,1.050445
2023-03-27,2026-04-27,[CBO][SEAM-ESC3],inactive,50,Diário,1021,1085,,,,35.47,,1,,,,15,14,0.31612903,2.364667,1.382488,1.469148,32.691244,2.533571,,35.47,1,1.062684
2023-03-27,2026-04-27,[CBO][DNMC][TROPICANA],inactive,200,Diário,46084,79845,50,actions:offsite_conversion.fb_pixel_purchase,35.1658,1758.29,7981.59,307,86,79,4.539405,1007,994,0.17172021,1.746068,1.261194,1.931256,22.021291,1.768903,20.445233,5.727329,35,1.732597
2023-03-27,2026-04-27,[ADV+][TROP][19/03],inactive,"Usando o orçamento do conjunto de anúncios",0,2207,2273,,,,70.84,,2,,,,34,28,0.25956885,2.083529,1.495821,1.495242,31.16586,2.53,,35.42,2,1.029905
2023-03-27,2026-04-27,[CBO][DNMC][PREMIUM],inactive,50,Diário,711,827,,,,31.82,,,,,,20,20,0.16324063,1.591,2.41838,2.81294,38.476421,1.591,,,1,1.16315
2023-03-27,2026-04-27,[CBO][DNMC][VELUTE],inactive,50,Diário,751,856,,,,32.22,,,,,,13,13,0,2.478462,1.518692,1.731025,37.640187,2.478462,,,1,1.139814
2023-03-27,2026-04-27,[CBO][TROPICANA][23-03][CE],inactive,100,Diário,615,661,,,,32.05,,4,,,,11,11,0.36459909,2.913636,1.664145,1.788618,48.487141,2.913636,,8.0125,2,1.074797
2023-03-27,2026-04-27,[CBO][TROPICANA][23-03][35+],inactive,100,Diário,602,631,,,,33.98,,4,1,,,18,17,0.35340729,1.887778,2.852615,2.657807,53.85103,1.998824,33.98,8.495,3,1.048173
2023-03-27,2026-04-27,[CBO][SEAMLESS][35+],inactive,100,Diário,6119,6692,2,actions:offsite_conversion.fb_pixel_purchase,94.945,189.89,547.39,26,5,3,2.882669,134,130,0.32531381,1.41709,2.002391,2.05916,28.375672,1.460692,37.978,7.303462,13,1.093643
2023-03-27,2026-04-27,[CBO][SEAMLESS][25+][CE],inactive,66,Diário,13121,15938,15,actions:offsite_conversion.fb_pixel_purchase,26.55866667,398.38,1609.59,94,23,25,4.040338,301,286,0.28742628,1.323522,1.888568,2.050149,24.995608,1.392937,17.32087,4.238085,30,1.214694
2023-03-27,2026-04-27,[CBO][SEAMLESS][25+M],inactive,100,Diário,2456,2476,,,,65.41,,6,,,,57,53,0.33441034,1.147544,2.3021,2.320847,26.417609,1.234151,,10.901667,4,1.008143
2023-03-27,2026-04-27,"[CBO][TROPICANA][26-03] — 1",inactive,66,Diário,10752,14224,6,actions:offsite_conversion.fb_pixel_purchase,46.80666667,280.84,770.96,36,13,9,2.745193,176,168,0.15508999,1.595682,1.237345,1.534598,19.744094,1.671667,21.603077,7.801111,7,1.322917
2023-03-27,2026-04-27,"[CBO][TROPICANA][26-03] — 2",inactive,53,Diário,2888,3390,1,actions:offsite_conversion.fb_pixel_purchase,73.33,73.33,203.75,10,2,1,2.778535,35,35,0.16371681,2.095143,1.032448,1.177285,21.631268,2.095143,36.665,7.333,,1.173823
2023-03-27,2026-04-27,[CBO][TROP2][131],inactive,33,Diário,747,801,,,,16.5,,,,,,8,9,0.16479401,2.0625,0.998752,0.803213,20.599251,1.833333,,,1,1.072289
2023-03-27,2026-04-27,[CBO][TROP3][131],inactive,33,Diário,386,414,,,,11.87,,,,,,6,6,0.25845411,1.978333,1.449275,1.295337,28.671498,1.978333,,,,1.072539
2023-03-27,2026-04-27,[CBO][TROPV3][131],inactive,33,Diário,202,210,,,,10.73,,,,,,2,1,0.43333333,5.365,0.952381,0.990099,51.095238,10.73,,,2,1.039604
2023-03-27,2026-04-27,[CBO][SEAMV2][131],inactive,66,Diário,14159,16506,8,actions:offsite_conversion.fb_pixel_purchase,39.80125,318.41,1181.59,65,12,9,3.710907,211,195,0.28559312,1.509052,1.278323,1.292464,19.290561,1.632872,26.534167,4.898615,27,1.16576
2023-03-27,2026-04-27,[CBO][SEAMCB3][131],inactive,33,Diário,317,337,,,,11.3,,,,,,2,2,0.22255193,5.65,0.593472,0.630915,33.531157,5.65,,,,1.063091
2023-03-27,2026-04-27,[CBO][SEAMCB3][131][ABERTO],inactive,66,Diário,6799,10035,9,actions:offsite_conversion.fb_pixel_purchase,28.27888889,254.51,1223.47,71,13,12,4.807159,179,166,0.18006976,1.421844,1.783757,2.397411,25.362232,1.533193,19.577692,3.584648,8,1.475952
2023-03-27,2026-04-27,[CBO][SEAMV2][131][ABERTO],inactive,33,Diário,1735,1771,,,,47.48,,5,2,1,,26,27,0.29644269,1.826154,1.468097,1.440922,26.809712,1.758519,23.74,9.496,1,1.020749
2023-03-27,2026-04-27,[CBO][TROPV3][131][ABERTO],inactive,33,Diário,278,308,,,,15.82,,,,,,6,5,0.34415584,2.636667,1.948052,2.158273,51.363636,3.164,,,,1.107914
2023-03-27,2026-04-27,[CBO][DNMC][KITFIO],inactive,52,Diário,2135,2647,,,,77.42,,6,1,1,,37,34,0,2.092432,1.397809,1.592506,29.248206,2.277059,77.42,12.903333,2,1.239813
2023-03-27,2026-04-27,[CBO][DNMC][CJSEAMLESS],inactive,51,Diário,7339,12827,8,actions:offsite_conversion.fb_pixel_purchase,38.925,311.4,1645.91,38,13,11,5.285517,363,347,0,0.857851,2.829968,4.264886,24.276916,0.897406,23.953846,8.194737,16,1.747786
2023-03-27,2026-04-27,[CBO][DNMC][TROPICANA][02-04],inactive,51,Diário,5314,8924,8,actions:offsite_conversion.fb_pixel_purchase,39.04625,312.37,1868.51,64,17,14,5.98172,195,185,0,1.601897,2.185119,3.236733,35.003362,1.688486,18.374706,4.880781,11,1.679338
2023-03-27,2026-04-27,[CBO][DNMC][SEAMSB][04-04],inactive,31.11,Diário,5957,9157,9,actions:offsite_conversion.fb_pixel_purchase,29.89555556,269.06,1604.73,34,9,11,5.964209,155,146,0,1.735871,1.692694,2.316602,29.382986,1.842877,29.895556,7.913529,4,1.537183
2023-03-27,2026-04-27,[CBO][DNMC][SEAMCB][04-04],inactive,51,Diário,3283,4818,1,actions:offsite_conversion.fb_pixel_purchase,128.44,128.44,169.8,26,5,2,1.322018,82,80,0,1.566341,1.701951,2.223576,26.658364,1.6055,25.688,4.94,5,1.46756
2023-03-27,2026-04-27,[ADV+][IMGS][07-04],inactive,"Usando o orçamento do conjunto de anúncios",0,41730,83048,59,actions:offsite_conversion.fb_pixel_purchase,41.13016949,2426.68,9627.09,337,92,73,3.967186,2041,1733,0.00451546,1.188966,2.457615,3.254254,29.22021,1.400277,26.376957,7.200831,81,1.990127
2023-03-27,2026-04-27,[RMKT3],inactive,"Usando o orçamento do conjunto de anúncios",0,2389,3838,1,actions:offsite_conversion.fb_pixel_purchase,85.43,85.43,79.9,7,2,2,0.935269,44,41,0,1.941591,1.14643,1.590624,22.258989,2.083659,42.715,12.204286,3,1.60653
2023-03-27,2026-04-27,[CBO][TROPICANA][18-04][1],inactive,71,Diário,9338,11649,6,actions:offsite_conversion.fb_pixel_purchase,47.77,286.62,919.1,28,9,8,3.206685,161,163,0.18104558,1.780248,1.382093,1.627758,24.604687,1.758405,31.846667,10.236429,2,1.247483
2023-03-27,2026-04-27,[CBO][TROPICANA][18-04][2],inactive,92.1,Diário,12493,14794,9,actions:offsite_conversion.fb_pixel_purchase,40.43888889,363.95,1855.63,52,12,12,5.098585,237,234,0.18331756,1.535654,1.602001,1.817018,24.60119,1.555342,30.329167,6.999038,6,1.184183
2023-03-27,2026-04-27,[CBO][TROPICANA][18-04][3],inactive,120,Diário,40148,59502,37,actions:offsite_conversion.fb_pixel_purchase,37.79459459,1398.4,6677.04,190,58,42,4.774771,820,839,0.17473362,1.705366,1.378105,1.868088,23.501731,1.666746,24.110345,7.36,23,1.482066
2023-03-27,2026-04-27,[CBO][SEAMLESS][18-04][1],inactive,92.1,Diário,9600,12845,8,actions:offsite_conversion.fb_pixel_purchase,45.33375,362.67,1448.9,33,10,9,3.995092,268,260,0.10291942,1.353246,2.086415,2.552083,28.234332,1.394885,36.267,10.99,15,1.338021
2023-03-27,2026-04-27,[CBO][TROPICANA][23-04],inactive,71,Diário,1959,2048,,,,53.51,,2,,,,40,42,0.20654297,1.33775,1.953125,2.041858,26.12793,1.274048,,26.755,1,1.045431
2023-03-27,2026-04-27,[CBO][SEAMLESS][23-04],inactive,110,Diário,19921,27573,22,actions:offsite_conversion.fb_pixel_purchase,35.48045455,780.57,3138.22,108,34,23,4.020421,499,482,0.1997969,1.564269,1.809741,2.284022,28.309216,1.61944,22.957941,7.2275,27,1.384117
2023-03-27,2026-04-27,[CBO][TROPICANA][LAL0-5%],inactive,31.11,Diário,18159,23463,13,actions:offsite_conversion.fb_pixel_purchase,43.32846154,563.27,1948.4,90,22,17,3.459087,303,314,0.16604867,1.858977,1.291395,1.563963,24.006734,1.793854,25.603182,6.258556,14,1.292087
2023-03-27,2026-04-27,[CBO][TROPICANA][LAL5-10%],inactive,51,Diário,2392,2587,1,actions:offsite_conversion.fb_pixel_purchase,89.89,89.89,179.8,6,1,1,2.000222,32,33,0.21724005,2.809063,1.236954,1.337793,34.746811,2.723939,89.89,14.981667,3,1.081522
2023-03-27,2026-04-27,[REMARKETING3],inactive,"Usando o orçamento do conjunto de anúncios",0,2202,6334,4,actions:offsite_conversion.fb_pixel_purchase,54.46,217.84,651.44,31,6,5,2.990452,100,85,0,2.1784,1.578781,3.678474,34.392169,2.562824,36.306667,7.027097,4,2.876476
2023-03-27,2026-04-27,[ADV+][TROPICANA][01-05][1],inactive,"Usando o orçamento do conjunto de anúncios",0,3072,4182,3,actions:offsite_conversion.fb_pixel_purchase,47.40333333,142.21,449.6,24,6,5,3.161522,79,74,0.2637494,1.800127,1.889048,2.376302,34.005261,1.921757,23.701667,5.925417,6,1.361328
2023-03-27,2026-04-27,[CBO][SEAMLESS][S1][01-05][1],inactive,25,Diário,4135,5050,1,actions:offsite_conversion.fb_pixel_purchase,114.01,114.01,269.7,5,2,1,2.365582,69,66,0,1.652319,1.366337,1.596131,22.576238,1.727424,57.005,22.802,6,1.221282
2023-03-27,2026-04-27,[CBO][SEAMLESS][S2][01-05][1],inactive,33,Diário,7870,9003,4,actions:offsite_conversion.fb_pixel_purchase,48.0825,192.33,800.41,26,9,7,4.161649,121,121,0.23070088,1.589504,1.343996,1.448539,21.362879,1.589504,21.37,7.397308,15,1.143964
2023-03-27,2026-04-27,[CBO][DNMC][CJSEAMLESS][01-05][2],inactive,25,Diário,1707,2200,1,actions:offsite_conversion.fb_pixel_purchase,62.11,62.11,129.9,2,1,1,2.091451,38,40,0,1.634474,1.727273,2.108963,28.231818,1.55275,62.11,31.055,4,1.288811
2023-03-27,2026-04-27,[ADV+][TROPICANA][01-05][4],inactive,"Usando o orçamento do conjunto de anúncios",0,1112,1281,,,,50.93,,3,3,4,,17,16,0.25604996,2.995882,1.327088,1.438849,39.758002,3.183125,16.976667,16.976667,,1.151978
2023-03-27,2026-04-27,[ADV+][TROPICANA][01-05][2],inactive,"Usando o orçamento do conjunto de anúncios",0,6173,9559,9,actions:offsite_conversion.fb_pixel_purchase,37.51444444,337.63,1408.9,31,14,10,4.172911,158,162,0.25745371,2.136899,1.652893,2.31654,35.32064,2.084136,24.116429,10.89129,7,1.548518
2023-03-27,2026-04-27,[ADV+][TROPICANA][01-05][3],inactive,"Usando o orçamento do conjunto de anúncios",0,1282,1480,,,,51.54,,6,,,,29,27,0.25675676,1.777241,1.959459,2.184087,34.824324,1.908889,,8.59,2,1.154446
2023-03-27,2026-04-27,[CBO][SEAMLESS][S1][01-05][2],inactive,56.19,Diário,15212,20081,10,actions:offsite_conversion.fb_pixel_purchase,39.621,396.21,2048.4,56,13,13,5.169986,263,250,0,1.506502,1.309696,1.656587,19.730591,1.58484,30.477692,7.075179,21,1.320076
2023-03-27,2026-04-27,[CBO][SEAMLESS][S2][01-05][2],inactive,25,Diário,5139,5777,2,actions:offsite_conversion.fb_pixel_purchase,63.77,127.54,319.6,10,2,2,2.505881,68,70,0.2302233,1.875588,1.177082,1.284297,22.077203,1.822,63.77,12.754,6,1.124149
2023-03-27,2026-04-27,[CBO][DNMC][CJSEAMLESS][01-05][1],inactive,25,Diário,1351,1963,,,,61.18,,12,2,1,,33,35,0,1.853939,1.6811,2.220577,31.166582,1.748,30.59,5.098333,,1.452998
2023-03-27,2026-04-27,[CBO][SEAMLESS][S1][02-05][MKTP],inactive,25,Diário,481,556,,,,9.63,,1,,,,11,9,0,0.875455,1.978417,2.079002,17.320144,1.07,,9.63,,1.155925
2023-03-27,2026-04-27,[CBO][SEAMLESS][S2][02-05][MKTP],inactive,25,Diário,551,594,,,,10.14,,,,,,7,7,0.29461279,1.448571,1.178451,1.270417,17.070707,1.448571,,,1,1.07804
2023-03-27,2026-04-27,[CBO][TROPICANA][TROP2][06-05],inactive,25.41,Diário,912,1056,,,,36.93,,1,1,1,,13,12,0.1657197,2.840769,1.231061,1.425439,34.971591,3.0775,36.93,36.93,,1.157895
2023-03-27,2026-04-27,"[ENVOLVIMENTO] [FACEBOOK] 06.02",inactive,15,Diário,0,0,,,,0,,,,,,,,,,,,0,,,,,0
2023-03-27,2026-04-27,"[TRAFEGO] [INSTAGRAM] 11.02",inactive,"Usando o orçamento do conjunto de anúncios",0,0,0,,,,0,,,,,,,,,,,,0,,,,,0
2023-03-27,2026-04-27,"[LIKES] [FACEBOOK] 11.02",inactive,"Usando o orçamento do conjunto de anúncios",0,0,0,,,,0,,,,,,,,,,,,0,,,,,0
2023-03-27,2026-04-27,[REMARKETING],inactive,"Usando o orçamento do conjunto de anúncios",0,0,0,,,,0,,,,,,,,,,,,0,,,,,0
2023-03-27,2026-04-27,"[OXFORD] [VV] 27.02",inactive,"Usando o orçamento do conjunto de anúncios",0,0,0,,,,0,,,,,,,,,,,,0,,,,,0
2023-03-27,2026-04-27,"[OXFORD] [PC-CAMPANHA] 29.02",inactive,"Usando o orçamento do conjunto de anúncios",0,0,0,,,,0,,,,,,,,,,,,0,,,,,0
2023-03-27,2026-04-27,"[OXFORD] [PC-CAMPANHA] 04.03",inactive,"Usando o orçamento do conjunto de anúncios",0,0,0,,,,0,,,,,,,,,,,,0,,,,,0
2023-03-27,2026-04-27,"[OXFORD] [IC] 06.03",inactive,"Usando o orçamento do conjunto de anúncios",0,0,0,,,,0,,,,,,,,,,,,0,,,,,0
2023-03-27,2026-04-27,"[OXFORD] [PC-CAMPANHA] 10.03",inactive,"Usando o orçamento do conjunto de anúncios",0,0,0,,,,0,,,,,,,,,,,,0,,,,,0
2023-03-27,2026-04-27,[CBO][TROPICANA][TROP3][06-05],inactive,25.41,Diário,979,1072,,,,38.03,,3,,,,7,5,0.19869403,5.432857,0.652985,0.715015,35.475746,7.606,,12.676667,1,1.094995
2023-03-27,2026-04-27,[CBO][TROPICANA][TROPV3][06-05],inactive,25,Diário,285,302,,,,11.14,,,,,,,,0.23509934,,,,36.887417,,,,,1.059649
2023-03-27,2026-04-27,[CBO][SEAMLESS][SEAM6][06-05],inactive,25.41,Diário,2327,3257,3,actions:offsite_conversion.fb_pixel_purchase,33.91333333,101.74,579.5,22,4,4,5.695891,40,31,0,2.5435,1.228124,1.461109,31.237335,3.281935,25.435,4.624545,2,1.399656
2023-03-27,2026-04-27,[CBO][SEAMLESS][SEAMV2][06-05],inactive,25,Diário,892,968,,,,23.67,,3,,,,10,10,0.28305785,2.367,1.033058,1.121076,24.452479,2.367,,7.89,1,1.085202
2023-03-27,2026-04-27,[CBO][SEAMLESS][RICOS],inactive,22.5,Diário,936,998,,,,34.33,,1,,,,15,14,0,2.288667,1.503006,1.388889,34.398798,2.452143,,34.33,1,1.066239
2023-03-27,2026-04-27,[CBO][TROPICANA][RICOS],inactive,22.5,Diário,683,718,,,,32.21,,,,,,16,15,0.3356546,2.013125,2.228412,2.196193,44.860724,2.147333,,,1,1.051245
2023-03-27,2026-04-27,[CBO][SEAMLESS][DNMC][10-05],inactive,"Usando o orçamento do conjunto de anúncios",0,984,1067,,,,39.29,,,,,,17,16,0.23617619,2.311176,1.593252,1.52439,36.822868,2.455625,,,,1.08435
2023-03-27,2026-04-27,[CBO][TROPICANA][DNMC][10-05],inactive,"Usando o orçamento do conjunto de anúncios",0,884,975,,,,41.1,,2,1,,,11,8,0.18153846,3.736364,1.128205,1.131222,42.153846,5.1375,41.1,20.55,,1.102941
2023-03-27,2026-04-27,[ABO][TROPICANA][11-05],inactive,"Usando o orçamento do conjunto de anúncios",0,3560,4292,,,,167.68,,25,2,,,71,65,0.24953402,2.36169,1.65424,1.882022,39.068034,2.579692,83.84,6.7072,8,1.205618
2023-03-27,2026-04-27,[ABO][SEAMLESS][11-05],inactive,"Usando o orçamento do conjunto de anúncios",0,46879,72030,52,actions:offsite_conversion.fb_pixel_purchase,38.24942308,1988.97,7857.85,347,88,63,3.950713,1192,1264,0.2949882,1.668599,1.654866,2.203545,27.613078,1.573552,22.601932,5.731902,107,1.536509
2023-03-27,2026-04-27,[CBO][SEAMLESS][DNMC][TESTCTV],inactive,120,Diário,4433,6848,5,actions:offsite_conversion.fb_pixel_purchase,60.89,304.45,709.5,28,12,11,2.330432,140,128,0.09155958,2.174643,2.044393,2.59418,44.458236,2.378516,25.370833,10.873214,4,1.544778
2023-03-27,2026-04-27,[ABO][DNMC][KITFIO],inactive,"Usando o orçamento do conjunto de anúncios",0,3186,3737,,,,100.02,,2,,,,42,35,0,2.381429,1.123896,1.318267,26.764785,2.857714,,50.01,3,1.172944
2023-03-27,2026-04-27,[ABO][TROPICANA][18-05][TEST-CTV],inactive,"Usando o orçamento do conjunto de anúncios",0,5652,7890,5,actions:offsite_conversion.fb_pixel_purchase,58.71,293.55,733.32,62,10,6,2.498109,97,89,0.27148289,3.026289,1.229404,1.4862,37.205323,3.298315,29.355,4.734677,6,1.395966
2023-03-27,2026-04-27,[ABO][CATALOGO][21-05],inactive,"Usando o orçamento do conjunto de anúncios",0,3107,5293,5,actions:offsite_conversion.fb_pixel_purchase,38.3,191.5,921.41,28,8,5,4.81154,120,91,0,1.595833,2.267145,2.188606,36.17986,2.104396,23.9375,6.839286,4,1.703573
2023-03-27,2026-04-27,[ABO][TROPICANA][23-05][THEFLASH],inactive,"Usando o orçamento do conjunto de anúncios",0,5212,9315,9,actions:offsite_conversion.fb_pixel_purchase,45.22111111,406.99,1628.5,34,12,10,4.001327,158,143,0.19366613,2.575886,1.696189,2.590177,43.691895,2.846084,33.915833,11.970294,3,1.787222
2023-03-27,2026-04-27,[ABO][MDV][TESTCTV][M5-M6][12-07],inactive,"Usando o orçamento do conjunto de anúncios",0,650,711,,,,31.37,,,3,,,41,29,0.38818565,0.765122,5.766526,5.692308,44.120956,1.081724,10.456667,,1,1.093846
2023-03-27,2026-04-27,"[OXFORD] [IC] 14.03",inactive,"Usando o orçamento do conjunto de anúncios",0,0,0,,,,0,,,,,,,,,,,,0,,,,,0
2023-03-27,2026-04-27,"[OXFORD] [IC] 01.04",inactive,"Usando o orçamento do conjunto de anúncios",0,0,0,,,,0,,,,,,,,,,,,0,,,,,0
2023-03-27,2026-04-27,"[DINO] [VV] 05.04",inactive,"Usando o orçamento do conjunto de anúncios",0,0,0,,,,0,,,,,,,,,,,,0,,,,,0
2023-03-27,2026-04-27,"[DINO] [IC] 06.04",inactive,"Usando o orçamento do conjunto de anúncios",0,0,0,,,,0,,,,,,,,,,,,0,,,,,0
2023-03-27,2026-04-27,"[DINO] [PC] 10.04",inactive,"Usando o orçamento do conjunto de anúncios",0,0,0,,,,0,,,,,,,,,,,,0,,,,,0
2023-03-27,2026-04-27,"[VELUTE] [IC] 16.04",inactive,"Usando o orçamento do conjunto de anúncios",0,0,0,,,,0,,,,,,,,,,,,0,,,,,0
2023-03-27,2026-04-27,"[DINO] [CBO] LAL VVTP",inactive,30,Diário,0,0,,,,0,,,,,,,,,,,,0,,,,,0
2023-03-27,2026-04-27,"[OXFORD] [CBO] [LAL1-VC] 17.04",inactive,30,Diário,0,0,,,,0,,,,,,,,,,,,0,,,,,0
2023-03-27,2026-04-27,"[OXFORD] [CBO] [LAL2-VC] 17.04",inactive,30,Diário,0,0,,,,0,,,,,,,,,,,,0,,,,,0
2023-03-27,2026-04-27,"[VELUTE] [CBO] LAL VC 2",inactive,30,Diário,0,0,,,,0,,,,,,,,,,,,0,,,,,0
2023-03-27,2026-04-27,"[VELUTE] [CBO] LAL VC 1",inactive,30,Diário,0,0,,,,0,,,,,,,,,,,,0,,,,,0
2023-03-27,2026-04-27,"[VELUTE] [CBO] MISC",inactive,50,Diário,0,0,,,,0,,,,,,,,,,,,0,,,,,0
2023-03-27,2026-04-27,"[VELUTE] [CBO] LAL PV",inactive,30,Diário,0,0,,,,0,,,,,,,,,,,,0,,,,,0
2023-03-27,2026-04-27,"[VELUTE] [CBO] ACSMODA",inactive,30,Diário,0,0,,,,0,,,,,,,,,,,,0,,,,,0
2023-03-27,2026-04-27,"[OXFORD] [CBO] [LAL1-VC] 17.04 [2]",inactive,30,Diário,0,0,,,,0,,,,,,,,,,,,0,,,,,0
2023-03-27,2026-04-27,"[DINO] [CBO] LAL VC 1",inactive,30,Diário,0,0,,,,0,,,,,,,,,,,,0,,,,,0
2023-03-27,2026-04-27,"[DINO] [CBO] LAL VC 2",inactive,30,Diário,0,0,,,,0,,,,,,,,,,,,0,,,,,0
2023-03-27,2026-04-27,"[VELUTE] [CBO] LAL VC 2",inactive,30,Diário,0,0,,,,0,,,,,,,,,,,,0,,,,,0
2023-03-27,2026-04-27,"[VELUTE] [CBO] LAL PC 1%",inactive,80,Diário,0,0,,,,0,,,,,,,,,,,,0,,,,,0
2023-03-27,2026-04-27,"[VELUTE] [CBO] LAL VC 5",inactive,30,Diário,0,0,,,,0,,,,,,,,,,,,0,,,,,0
2023-03-27,2026-04-27,"[VELUTE] [CBO] LAL VC 5",inactive,60,Diário,0,0,,,,0,,,,,,,,,,,,0,,,,,0
2023-03-27,2026-04-27,"[DINO] [CBO] LAL VC 2 [2]",inactive,50,Diário,0,0,,,,0,,,,,,,,,,,,0,,,,,0
2023-03-27,2026-04-27,"[REMARKETING] [CBO] [DINO]",inactive,10,Diário,0,0,,,,0,,,,,,,,,,,,0,,,,,0
2023-03-27,2026-04-27,"[REMARKETING] [CBO] [OXFORD]",inactive,10,Diário,0,0,,,,0,,,,,,,,,,,,0,,,,,0
2023-03-27,2026-04-27,"[REMARKETING] [VELUTE]",inactive,"Usando o orçamento do conjunto de anúncios",0,0,0,,,,0,,,,,,,,,,,,0,,,,,0
2023-03-27,2026-04-27,"[VELUTE] [CBO] LAL VC 1 [3] - AUTO DYNAMIC",inactive,50,Diário,0,0,,,,0,,,,,,,,,,,,0,,,,,0
2023-03-27,2026-04-27,"[PREMIUM] [ABO] TESTING",inactive,"Usando o orçamento do conjunto de anúncios",0,0,0,,,,0,,,,,,,,,,,,0,,,,,0
2023-03-27,2026-04-27,"[PREMIUM] [CBO] GERAL",inactive,30,Diário,0,0,,,,0,,,,,,,,,,,,0,,,,,0
2023-03-27,2026-04-27,"[PREMIUM] [CBO] RICH",inactive,30,Diário,0,0,,,,0,,,,,,,,,,,,0,,,,,0
2023-03-27,2026-04-27,"[PREMIUM] [CBO] LAL VELUTE VC",inactive,30,Diário,0,0,,,,0,,,,,,,,,,,,0,,,,,0
2023-03-27,2026-04-27,"[PREMIUM] [CBO] LAL PC",inactive,30,Diário,0,0,,,,0,,,,,,,,,,,,0,,,,,0
2023-03-27,2026-04-27,"[VELUTE] [ABO] TESTING",inactive,"Usando o orçamento do conjunto de anúncios",0,0,0,,,,0,,,,,,,,,,,,0,,,,,0
2023-03-27,2026-04-27,"[VELUTE] [CBO] LAL PC 5",inactive,80,Diário,0,0,,,,0,,,,,,,,,,,,0,,,,,0
2023-03-27,2026-04-27,"[DINO] [CBO] LAL VC 10",inactive,50,Diário,0,0,,,,0,,,,,,,,,,,,0,,,,,0
2023-03-27,2026-04-27,"[HOLO] [CBO] LAL PC 10 - VIDEO",inactive,50,Diário,0,0,,,,0,,,,,,,,,,,,0,,,,,0
2023-03-27,2026-04-27,"[HOLO] [CBO] LAL PC 10 - IMG",inactive,50,Diário,0,0,,,,0,,,,,,,,,,,,0,,,,,0
2023-03-27,2026-04-27,"[HOLO] VV",inactive,"Usando o orçamento do conjunto de anúncios",0,0,0,,,,0,,,,,,,,,,,,0,,,,,0
2023-03-27,2026-04-27,"[HOLO] [ABO] TESTING",inactive,"Usando o orçamento do conjunto de anúncios",0,0,0,,,,0,,,,,,,,,,,,0,,,,,0
2023-03-27,2026-04-27,"[VELUTE] [CBO] LAL PC 5%",inactive,80,Diário,0,0,,,,0,,,,,,,,,,,,0,,,,,0
2023-03-27,2026-04-27,"[HOLO] [CBO] VV — Img",inactive,40,Diário,0,0,,,,0,,,,,,,,,,,,0,,,,,0
2023-03-27,2026-04-27,"[HOLO] [CBO] VV — Video",inactive,40,Diário,0,0,,,,0,,,,,,,,,,,,0,,,,,0
2023-03-27,2026-04-27,"[VELUTE] [CBO] LAL PC 10 — 18-24",inactive,80,Diário,0,0,,,,0,,,,,,,,,,,,0,,,,,0
2023-03-27,2026-04-27,"[VELUTE] [CBO] LAL PC 10% - 2",inactive,55,Diário,0,0,,,,0,,,,,,,,,,,,0,,,,,0
2023-03-27,2026-04-27,"[REMARKETING] [VELUTE] — ATC",inactive,8,Diário,0,0,,,,0,,,,,,,,,,,,0,,,,,0
2023-03-27,2026-04-27,"[VELUTE] [CBO] LAL PC 2% — Cópia",inactive,80,Diário,0,0,,,,0,,,,,,,,,,,,0,,,,,0
2023-03-27,2026-04-27,"[VELUTE] [CBO] LAL PC 10% — Cópia",inactive,80,Diário,0,0,,,,0,,,,,,,,,,,,0,,,,,0
2023-03-27,2026-04-27,"[VELUTE] [CBO] LAL PC 10%",inactive,100,Diário,0,0,,,,0,,,,,,,,,,,,0,,,,,0
2023-03-27,2026-04-27,"[VELUTE] [CBO] LAL VISITS 5%",inactive,60,Diário,0,0,,,,0,,,,,,,,,,,,0,,,,,0
2023-03-27,2026-04-27,"[VELUTE] [CBO] LAL VC 5%",inactive,60,Diário,0,0,,,,0,,,,,,,,,,,,0,,,,,0
2023-03-27,2026-04-27,"[VELUTE] [CBO] LAL PC 5%",inactive,60,Diário,0,0,,,,0,,,,,,,,,,,,0,,,,,0
2023-03-27,2026-04-27,"[VELUTE] [CBO] LAL PC 5%",inactive,80,Diário,0,0,,,,0,,,,,,,,,,,,0,,,,,0
2023-03-27,2026-04-27,"[PANTHERA] [VIDEOVIEW]",inactive,"Usando o orçamento do conjunto de anúncios",0,0,0,,,,0,,,,,,,,,,,,0,,,,,0
2023-03-27,2026-04-27,"[PANTHERA] [ABO] TESTING",inactive,"Usando o orçamento do conjunto de anúncios",0,0,0,,,,0,,,,,,,,,,,,0,,,,,0
2023-03-27,2026-04-27,"[VELUTE] [CBO] [VC 1%]",inactive,50,Diário,0,0,,,,0,,,,,,,,,,,,0,,,,,0
2023-03-27,2026-04-27,"[VELUTE] [CBO] [PC 1%]",inactive,50,Diário,0,0,,,,0,,,,,,,,,,,,0,,,,,0
2023-03-27,2026-04-27,"[VELUTE] [CBO] [VC 1%] - video",inactive,50,Diário,0,0,,,,0,,,,,,,,,,,,0,,,,,0
2023-03-27,2026-04-27,"[VELUTE] [CBO] LAL PC 5",inactive,80,Diário,0,0,,,,0,,,,,,,,,,,,0,,,,,0
2023-03-27,2026-04-27,"[VELUTE] [CBO] [LAL PC 1%]",inactive,30,Diário,0,0,,,,0,,,,,,,,,,,,0,,,,,0
2023-03-27,2026-04-27,"[VELUTE] [CBO] [LAL PC 2%]",inactive,30,Diário,0,0,,,,0,,,,,,,,,,,,0,,,,,0
2023-03-27,2026-04-27,"[VELUTE] [CBO] [LAL PC 3%]",inactive,30,Diário,0,0,,,,0,,,,,,,,,,,,0,,,,,0
2023-03-27,2026-04-27,"[REMARKETING2] - 6962382569638",inactive,"Usando o orçamento do conjunto de anúncios",0,0,0,,,,0,,,,,,,,,,,,0,,,,,0
2023-03-27,2026-04-27,"[PREMIUM] [ABO] [VID]",inactive,"Usando o orçamento do conjunto de anúncios",0,0,0,,,,0,,,,,,,,,,,,0,,,,,0
2023-03-27,2026-04-27,"[PREMIUM] [ABO] [IMG]",inactive,"Usando o orçamento do conjunto de anúncios",0,0,0,,,,0,,,,,,,,,,,,0,,,,,0
2023-03-27,2026-04-27,"[VELUTE] [CBO] LAL PC 2%",inactive,50,Diário,0,0,,,,0,,,,,,,,,,,,0,,,,,0
2023-03-27,2026-04-27,"[VELUTE] [CBO] [LAL PC 5%<1%]",inactive,60,Diário,0,0,,,,0,,,,,,,,,,,,0,,,,,0
2023-03-27,2026-04-27,"[PREMIUM] [LAL VV 95% 2%]",inactive,60,Diário,0,0,,,,0,,,,,,,,,,,,0,,,,,0
2023-03-27,2026-04-27,"[VELUTE] [CBO] [GERAL]",inactive,30,Diário,0,0,,,,0,,,,,,,,,,,,0,,,,,0
2023-03-27,2026-04-27,"[PREMIUM] [CBO] [RICH]",inactive,50,Diário,0,0,,,,0,,,,,,,,,,,,0,,,,,0
2023-03-27,2026-04-27,"[VELUTE] [CBO] [FEED] [LAL-PC-10] [20.12]",inactive,30,Diário,0,0,,,,0,,,,,,,,,,,,0,,,,,0
2023-03-27,2026-04-27,"[VELUTE] [CBO] [ABERTO] [20.12]",inactive,25,Diário,0,0,,,,0,,,,,,,,,,,,0,,,,,0
2023-03-27,2026-04-27,"[REMARKETING] [VELUTE] [2]",inactive,"Usando o orçamento do conjunto de anúncios",0,0,0,,,,0,,,,,,,,,,,,0,,,,,0
2023-03-27,2026-04-27,"[VELUTE] [CBO] [STORIES] [LAL-PC-10] [20.12]",inactive,30,Diário,0,0,,,,0,,,,,,,,,,,,0,,,,,0
2023-03-27,2026-04-27,"[NIMBOS] [ABO] [TEST] [22.12]",inactive,"Usando o orçamento do conjunto de anúncios",0,0,0,,,,0,,,,,,,,,,,,0,,,,,0
2023-03-27,2026-04-27,"[SLIP] [VV] [26.12]",inactive,"Usando o orçamento do conjunto de anúncios",0,0,0,,,,0,,,,,,,,,,,,0,,,,,0
2023-03-27,2026-04-27,"[SLIP] [ABO] [TEST] [26.12]",inactive,"Usando o orçamento do conjunto de anúncios",0,0,0,,,,0,,,,,,,,,,,,0,,,,,0
2023-03-27,2026-04-27,"[SLIP] [CBO] [ABERTO]",inactive,30,Diário,0,0,,,,0,,,,,,,,,,,,0,,,,,0
2023-03-27,2026-04-27,"[SLIP] [CBO] [LALVV]",inactive,30,Diário,0,0,,,,0,,,,,,,,,,,,0,,,,,0
2023-03-27,2026-04-27,"[REMARKETING] [PV30d]",inactive,"Usando o orçamento do conjunto de anúncios",0,0,0,,,,0,,,,,,,,,,,,0,,,,,0
2023-03-27,2026-04-27,"[VELUTE] [ABO] [PB-ABERTO] [30.12]",inactive,"Usando o orçamento do conjunto de anúncios",0,0,0,,,,0,,,,,,,,,,,,0,,,,,0
2023-03-27,2026-04-27,"[SLIP] [ABO] [TEST] [07.01]",inactive,"Usando o orçamento do conjunto de anúncios",0,0,0,,,,0,,,,,,,,,,,,0,,,,,0
2023-03-27,2026-04-27,"[PIP] [ABO] [TEST] [09.01]",inactive,"Usando o orçamento do conjunto de anúncios",0,0,0,,,,0,,,,,,,,,,,,0,,,,,0
2023-03-27,2026-04-27,"[LAIKA] [VV] [15.03]",inactive,"Usando o orçamento do conjunto de anúncios",0,0,0,,,,0,,,,,,,,,,,,0,,,,,0
2023-03-27,2026-04-27,"[LAIKA] [ABO] [LAL VV] [20.03]",inactive,"Usando o orçamento do conjunto de anúncios",0,0,0,,,,0,,,,,,,,,,,,0,,,,,0
2023-03-27,2026-04-27,"[REMARKETING] [LAIKA]",inactive,"Usando o orçamento do conjunto de anúncios",0,0,0,,,,0,,,,,,,,,,,,0,,,,,0
2023-03-27,2026-04-27,"[TITANIUM] [ABO] [TEST] [13.04]",inactive,"Usando o orçamento do conjunto de anúncios",0,0,0,,,,0,,,,,,,,,,,,0,,,,,0
2023-03-27,2026-04-27,"[TITANIUM] [REMARKETING]",inactive,"Usando o orçamento do conjunto de anúncios",0,0,0,,,,0,,,,,,,,,,,,0,,,,,0
2023-03-27,2026-04-27,"[HARDSTEEL] [ABO] [TEST] [21.04]",inactive,"Usando o orçamento do conjunto de anúncios",0,0,0,,,,0,,,,,,,,,,,,0,,,,,0
2023-03-27,2026-04-27,"[FRENCHIE] [ABO] [TEST] [21.04]",inactive,"Usando o orçamento do conjunto de anúncios",0,0,0,,,,0,,,,,,,,,,,,0,,,,,0
2023-03-27,2026-04-27,"[GOLDENHOUR] [ABO] [04.05]",inactive,"Usando o orçamento do conjunto de anúncios",0,0,0,,,,0,,,,,,,,,,,,0,,,,,0
2023-03-27,2026-04-27,"[FRENCHIE] [REMARKETING]",inactive,"Usando o orçamento do conjunto de anúncios",0,0,0,,,,0,,,,,,,,,,,,0,,,,,0
2023-03-27,2026-04-27,"[CBO] [TITANIUM]",inactive,50,Diário,0,0,,,,0,,,,,,,,,,,,0,,,,,0
2023-03-27,2026-04-27,"[CBO] [FRENCHIE]",inactive,50,Diário,0,0,,,,0,,,,,,,,,,,,0,,,,,0
2023-03-27,2026-04-27,"[CBO] [TITANIUM] — 2",inactive,50,Diário,0,0,,,,0,,,,,,,,,,,,0,,,,,0
2023-03-27,2026-04-27,"[CBO] [TITANIUM] — 3",inactive,50,Diário,0,0,,,,0,,,,,,,,,,,,0,,,,,0
2023-03-27,2026-04-27,"[CBO] [TITANIUM]",inactive,100,Diário,0,0,,,,0,,,,,,,,,,,,0,,,,,0
2023-03-27,2026-04-27,"[CBO] [TITANIUM] — Cópia",inactive,50,Diário,0,0,,,,0,,,,,,,,,,,,0,,,,,0
2023-03-27,2026-04-27,"[CBO] [TITANIUM] — Cópia",inactive,50,Diário,0,0,,,,0,,,,,,,,,,,,0,,,,,0
2023-03-27,2026-04-27,"[CBO] [TITANIUM] — Cópia",inactive,50,Diário,0,0,,,,0,,,,,,,,,,,,0,,,,,0
2023-03-27,2026-04-27,"[CBO] [TITANIUM] — Cópia",inactive,50,Diário,0,0,,,,0,,,,,,,,,,,,0,,,,,0
2023-03-27,2026-04-27,"[CBO] [TITANIUM] — Cópia",inactive,100,Diário,0,0,,,,0,,,,,,,,,,,,0,,,,,0
2023-03-27,2026-04-27,"[HYPERLITE] [ABO] [20.05]",inactive,"Usando o orçamento do conjunto de anúncios",0,0,0,,,,0,,,,,,,,,,,,0,,,,,0
2023-03-27,2026-04-27,"[GOLDENHOUR] [VV] [25.05]",inactive,"Usando o orçamento do conjunto de anúncios",0,0,0,,,,0,,,,,,,,,,,,0,,,,,0
2023-03-27,2026-04-27,"[WINTER] [CARROSSEL] [27.05]",inactive,"Usando o orçamento do conjunto de anúncios",0,0,0,,,,0,,,,,,,,,,,,0,,,,,0
2023-03-27,2026-04-27,"[PREMIUM] [BOFU] [06-21]",inactive,"Usando o orçamento do conjunto de anúncios",0,0,0,,,,0,,,,,,,,,,,,0,,,,,0
2023-03-27,2026-04-27,"[FRENCHIE] [MOFU] [09-06]",inactive,"Usando o orçamento do conjunto de anúncios",0,0,0,,,,0,,,,,,,,,,,,0,,,,,0
2023-03-27,2026-04-27,"[FRENCHIE] [CBO] [LAL5%]",inactive,100,Diário,0,0,,,,0,,,,,,,,,,,,0,,,,,0
2023-03-27,2026-04-27,"[COMFORT] [BOFU] [12-06]",inactive,"Usando o orçamento do conjunto de anúncios",0,0,0,,,,0,,,,,,,,,,,,0,,,,,0
2023-03-27,2026-04-27,"[ESTOJO] [BOFU] [16-06]",inactive,"Usando o orçamento do conjunto de anúncios",0,0,0,,,,0,,,,,,,,,,,,0,,,,,0
2023-03-27,2026-04-27,"[FRENCHIE] [MOFU] [04.07]",inactive,"Usando o orçamento do conjunto de anúncios",0,0,0,,,,0,,,,,,,,,,,,0,,,,,0
2023-03-27,2026-04-27,"[FRENCHIE] [VC] [06.07]",inactive,"Usando o orçamento do conjunto de anúncios",0,0,0,,,,0,,,,,,,,,,,,0,,,,,0
2023-03-27,2026-04-27,"[FRENCHIE] [PC] [07.07]",inactive,"Usando o orçamento do conjunto de anúncios",0,0,0,,,,0,,,,,,,,,,,,0,,,,,0
2023-03-27,2026-04-27,"[HEXAGON] [VC] [09.07]",inactive,"Usando o orçamento do conjunto de anúncios",0,0,0,,,,0,,,,,,,,,,,,0,,,,,0
2023-03-27,2026-04-27,"[HEXAGON] [PC] [10.07]",inactive,"Usando o orçamento do conjunto de anúncios",0,0,0,,,,0,,,,,,,,,,,,0,,,,,0
2023-03-27,2026-04-27,"[REMARKETING] [JULHO]",inactive,"Usando o orçamento do conjunto de anúncios",0,0,0,,,,0,,,,,,,,,,,,0,,,,,0
2023-03-27,2026-04-27,"[FRENCHIE] [22.07]",inactive,"Usando o orçamento do conjunto de anúncios",0,0,0,,,,0,,,,,,,,,,,,0,,,,,0
2023-03-27,2026-04-27,"[FRENCHIE] [30.07]",inactive,"Usando o orçamento do conjunto de anúncios",0,0,0,,,,0,,,,,,,,,,,,0,,,,,0
2023-03-27,2026-04-27,"[CLEANFEET] [BOFU] [04.08] - 6948378247334",inactive,"Usando o orçamento do conjunto de anúncios",0,0,0,,,,0,,,,,,,,,,,,0,,,,,0
2023-03-27,2026-04-27,"[CLEANFEET] [VC] [BOFU]",inactive,"Usando o orçamento do conjunto de anúncios",0,0,0,,,,0,,,,,,,,,,,,0,,,,,0
2023-03-27,2026-04-27,"[QUEBRACABEÇA] [BOFU]",inactive,"Usando o orçamento do conjunto de anúncios",0,0,0,,,,0,,,,,,,,,,,,0,,,,,0
2023-03-27,2026-04-27,"[FRENCHIE] [LAL-SALVAMENTO] [06.08]",inactive,"Usando o orçamento do conjunto de anúncios",0,0,0,,,,0,,,,,,,,,,,,0,,,,,0
2023-03-27,2026-04-27,"[QUEBRACABEÇA] [TEST] [VC]",inactive,"Usando o orçamento do conjunto de anúncios",0,0,0,,,,0,,,,,,,,,,,,0,,,,,0
2023-03-27,2026-04-27,"[QUEBRACABEÇA] [TEST] [VV]",inactive,"Usando o orçamento do conjunto de anúncios",0,0,0,,,,0,,,,,,,,,,,,0,,,,,0
2023-03-27,2026-04-27,"[REMARKETING] [ESTOJO] [AGOSTO]",inactive,"Usando o orçamento do conjunto de anúncios",0,0,0,,,,0,,,,,,,,,,,,0,,,,,0
2023-03-27,2026-04-27,"[ESTOJO] [TEST] [VC]",inactive,"Usando o orçamento do conjunto de anúncios",0,0,0,,,,0,,,,,,,,,,,,0,,,,,0
2023-03-27,2026-04-27,"[ESTOJO] [MOFU] [10.08]",inactive,"Usando o orçamento do conjunto de anúncios",0,0,0,,,,0,,,,,,,,,,,,0,,,,,0
2023-03-27,2026-04-27,"[SEAMLESS] [TEST] [VV]",inactive,"Usando o orçamento do conjunto de anúncios",0,0,0,,,,0,,,,,,,,,,,,0,,,,,0
2023-03-27,2026-04-27,"[CLEANFEET] [TOFU] [CBO]",inactive,100,Diário,0,0,,,,0,,,,,,,,,,,,0,,,,,0
2023-03-27,2026-04-27,"[FRENCHIE] [MOFU] [TESTVIDEOS]",inactive,"Usando o orçamento do conjunto de anúncios",0,0,0,,,,0,,,,,,,,,,,,0,,,,,0
2023-03-27,2026-04-27,"[SEAMLESS] [MOFU] - 6962382569638",inactive,"Usando o orçamento do conjunto de anúncios",0,0,0,,,,0,,,,,,,,,,,,0,,,,,0
2023-03-27,2026-04-27,"[SEAMLESS] [TOFU] - 6962382569638",inactive,"Usando o orçamento do conjunto de anúncios",0,0,0,,,,0,,,,,,,,,,,,0,,,,,0
2023-03-27,2026-04-27,"[BRALETTES-CAR] [MOFU]",inactive,"Usando o orçamento do conjunto de anúncios",0,0,0,,,,0,,,,,,,,,,,,0,,,,,0
2023-03-27,2026-04-27,"[PREMIUM] [BOFU] [TEST]",inactive,"Usando o orçamento do conjunto de anúncios",0,0,0,,,,0,,,,,,,,,,,,0,,,,,0
2023-03-27,2026-04-27,"[CBO] [BOFU] [4PC] [200] - 6962382569638",inactive,100,Diário,0,0,,,,0,,,,,,,,,,,,0,,,,,0
2023-03-27,2026-04-27,"[FRENCHIE] [BOFU] - 6962382569638",inactive,"Usando o orçamento do conjunto de anúncios",0,0,0,,,,0,,,,,,,,,,,,0,,,,,0
2023-03-27,2026-04-27,"[CBO] [SEAMLESS] [5%] [FB-TEST] - 6962382569638",inactive,200,Diário,0,0,,,,0,,,,,,,,,,,,0,,,,,0
2023-03-27,2026-04-27,"[FRENCHIE] [MOFU] - 6962382569638",inactive,"Usando o orçamento do conjunto de anúncios",0,0,0,,,,0,,,,,,,,,,,,0,,,,,0
2023-03-27,2026-04-27,"[SEAMLESS] [BOFU] [CBO] - 6962382569638",inactive,200,Diário,0,0,,,,0,,,,,,,,,,,,0,,,,,0
2023-03-27,2026-04-27,"[CASE] [TOFU] - 6962382569638",inactive,"Usando o orçamento do conjunto de anúncios",0,0,0,,,,0,,,,,,,,,,,,0,,,,,0
2023-03-27,2026-04-27,"[COLLECTIONS] - 6962382569638",inactive,"Usando o orçamento do conjunto de anúncios",0,0,0,,,,0,,,,,,,,,,,,0,,,,,0
2023-03-27,2026-04-27,"[CBO][3PB][SEAMLESS] - 6962382569638",inactive,200,Diário,0,0,,,,0,,,,,,,,,,,,0,,,,,0
2023-03-27,2026-04-27,"[CASE] [TEST] [IMG] - 6962382569638",inactive,"Usando o orçamento do conjunto de anúncios",0,0,0,,,,0,,,,,,,,,,,,0,,,,,0
2023-03-27,2026-04-27,"[CASE] [TEST] [CAR] - 6962382569638",inactive,"Usando o orçamento do conjunto de anúncios",0,0,0,,,,0,,,,,,,,,,,,0,,,,,0
2023-03-27,2026-04-27,"[CBO][TEST][BRACOMFORT] - 6962382569638",inactive,100,Diário,0,0,,,,0,,,,,,,,,,,,0,,,,,0
2023-03-27,2026-04-27,"[BRACOMFORT] [ABO] [TEST] - 6962382569638",inactive,"Usando o orçamento do conjunto de anúncios",0,0,0,,,,0,,,,,,,,,,,,0,,,,,0
2023-03-27,2026-04-27,"[ROSE] [ABO] [TEST] - 6962382569638 — 2",inactive,"Usando o orçamento do conjunto de anúncios",0,0,0,,,,0,,,,,,,,,,,,0,,,,,0
2023-03-27,2026-04-27,"[CBO][TOFU][SEAM] - 6962382569638",inactive,200,Diário,0,0,,,,0,,,,,,,,,,,,0,,,,,0
2023-03-27,2026-04-27,"[SEAM][CBO][PRESCALE] - 6962382569638",inactive,150,Diário,0,0,,,,0,,,,,,,,,,,,0,,,,,0
2023-03-27,2026-04-27,"[CASE][ABO][TEST] - 6962382569638",inactive,"Usando o orçamento do conjunto de anúncios",0,0,0,,,,0,,,,,,,,,,,,0,,,,,0
2023-03-27,2026-04-27,"[CUTMAX][ABO][TEST] - 6962382569638",inactive,"Usando o orçamento do conjunto de anúncios",0,0,0,,,,0,,,,,,,,,,,,0,,,,,0
2023-03-27,2026-04-27,"[HOOK][ABO][TEST] - 6962382569638",inactive,"Usando o orçamento do conjunto de anúncios",0,0,0,,,,0,,,,,,,,,,,,0,,,,,0
2023-03-27,2026-04-27,"[ALM4D][ABO][TEST] - 6962382569638",inactive,"Usando o orçamento do conjunto de anúncios",0,0,0,,,,0,,,,,,,,,,,,0,,,,,0
2023-03-27,2026-04-27,"[SEAMLESS][CBO][PRESCALE][3PBS] - 6962382569638",inactive,140,Diário,0,0,,,,0,,,,,,,,,,,,0,,,,,0
2023-03-27,2026-04-27,"[COMFY][ABO][TEST] - 6962382569638",inactive,"Usando o orçamento do conjunto de anúncios",0,0,0,,,,0,,,,,,,,,,,,0,,,,,0
2023-03-27,2026-04-27,"[SEAMLESS][CBO][SCALE] - 6962382569638",inactive,100,Diário,0,0,,,,0,,,,,,,,,,,,0,,,,,0
2023-03-27,2026-04-27,"[SEAMLESS][CBO][SCALE] - 6962382569638",inactive,130,Diário,0,0,,,,0,,,,,,,,,,,,0,,,,,0
2023-03-27,2026-04-27,"[SEAMLESS][CBO2][SCALE] - 6962382569638",inactive,120,Diário,0,0,,,,0,,,,,,,,,,,,0,,,,,0
2023-03-27,2026-04-27,"[SEAMLESS][CBO3][SCALE] - 6962382569638",inactive,130,Diário,0,0,,,,0,,,,,,,,,,,,0,,,,,0
2023-03-27,2026-04-27,"[SEAMLESS][CBO3][SCALE] - 6962382569638 — Cópia",inactive,130,Diário,0,0,,,,0,,,,,,,,,,,,0,,,,,0
2023-03-27,2026-04-27,"[SEAMLESS][CBO3][SCALE] - 6962382569638 — Cópia",inactive,130,Diário,0,0,,,,0,,,,,,,,,,,,0,,,,,0
2023-03-27,2026-04-27,"[SEAMLESS][CBO]1 - 6962382569638",inactive,120,Diário,0,0,,,,0,,,,,,,,,,,,0,,,,,0
2023-03-27,2026-04-27,"[SEAMLESS][CBO3]2 - 6962382569638",inactive,120,Diário,0,0,,,,0,,,,,,,,,,,,0,,,,,0
2023-03-27,2026-04-27,"[ROSE][ABO][TESTPUB] - 6962382569638",inactive,"Usando o orçamento do conjunto de anúncios",0,0,0,,,,0,,,,,,,,,,,,0,,,,,0
2023-03-27,2026-04-27,"[OWL][ABO][TEST-CREATIVE] - 6962382569638",inactive,"Usando o orçamento do conjunto de anúncios",0,0,0,,,,0,,,,,,,,,,,,0,,,,,0
2023-03-27,2026-04-27,"[TCOMF][ABO][TEST] - 6962382569638",inactive,"Usando o orçamento do conjunto de anúncios",0,0,0,,,,0,,,,,,,,,,,,0,,,,,0
2023-03-27,2026-04-27,"[PREMIUM][ABO][TEST] - 6962382569638",inactive,"Usando o orçamento do conjunto de anúncios",0,0,0,,,,0,,,,,,,,,,,,0,,,,,0
2023-03-27,2026-04-27,[MAGFLEX][ABO][TEST][TRASH],inactive,"Usando o orçamento do conjunto de anúncios",0,0,0,,,,0,,,,,,,,,,,,0,,,,,0
2023-03-27,2026-04-27,"[MAGFLEX][ABO][TEST] - 6962382569638",inactive,"Usando o orçamento do conjunto de anúncios",0,0,0,,,,0,,,,,,,,,,,,0,,,,,0
2023-03-27,2026-04-27,"[JOELHEIRA][ABO][TEST] - 6962382569638",inactive,"Usando o orçamento do conjunto de anúncios",0,0,0,,,,0,,,,,,,,,,,,0,,,,,0
2023-03-27,2026-04-27,[COLAR][ABO][TEST],inactive,"Usando o orçamento do conjunto de anúncios",0,0,0,,,,0,,,,,,,,,,,,0,,,,,0
2023-03-27,2026-04-27,[CONJUNTOS][ABO][TEST],inactive,"Usando o orçamento do conjunto de anúncios",0,0,0,,,,0,,,,,,,,,,,,0,,,,,0
2023-03-27,2026-04-27,"[ABO][ESCALA][SEAMLESS][HEALTH][TTK4] - 6962382569638",inactive,"Usando o orçamento do conjunto de anúncios",0,0,0,,,,0,,,,,,,,,,,,0,,,,,0
2023-03-27,2026-04-27,"[ABO][ESCALA][SEAMLESS][ECO][TTK4] - 6962382569638",inactive,"Usando o orçamento do conjunto de anúncios",0,0,0,,,,0,,,,,,,,,,,,0,,,,,0
2023-03-27,2026-04-27,[CBO][COLLECTIONS][FEED][DNMC],inactive,100,Diário,0,0,,,,0,,,,,,,,,,,,0,,,,,0
2023-03-27,2026-04-27,[CBO][PROMO129][153],inactive,200,Diário,0,0,,,,0,,,,,,,,,,,,0,,,,,0
2023-03-27,2026-04-27,[CBO][TROPICANA][DNMC][TESTCTV],inactive,120,Diário,0,0,,,,0,,,,,,,,,,,,0,,,,,0
